id,firstName,lastName,age
1,Hasan,Almunawar,20
2,John,Doe,25
3,Jane,Smith,30
4,Michael,Brown,27
5,Emily,Davis,22
6,Chris,Wilson,35
7,Ashley,Moore,28
8,David,Taylor,31
9,Sarah,Anderson,24
10,Daniel,Thomas,29
11,Laura,Jackson,23
12,James,White,32
13,Jessica,Harris,26
14,Brian,Martin,33
15,Jennifer,Thompson,21
16,Kevin,Garcia,34
17,Michelle,Martinez,20
18,Eric,Rodriguez,27
19,Amy,Martinez,25
20,Scott,Martinez,24
21,Karen,Clark,31
22,Steven,Robinson,28
23,Patricia,Walker,35
24,Mark,Lopez,22
25,Susan,Hall,30
26,George,Allen,29
27,Angela,Young,23
28,Paul,Hernandez,32
29,Karen,King,26
30,Richard,Wright,33
31,Kathleen,Scott,21
32,Matthew,Green,34
33,Donna,Adams,20
34,Jason,Baker,27
35,Kimberly,Nelson,25
36,Anthony,Carter,24
37,Nancy,Mitchell,31
38,Ronald,Perez,28
39,Dorothy,Roberts,35
40,Charles,Turner,22
41,Lisa,Phillips,30
42,Jeffrey,Campbell,29
43,Sandra,Parker,23
44,Joseph,Evans,32
45,Amanda,Edwards,26
46,Andrew,Collins,33
47,Rebecca,Stewart,21
48,Kenneth,Sanchez,34
49,Betty,Morris,20
50,Joshua,Rogers,27
51,Emily,Reed,25
52,Ryan,Cook,24
53,Melissa,Morgan,31
54,Aaron,Bell,28
55,Stephanie,Murphy,35
56,Gary,Bailey,22
57,Deborah,Rivera,30
58,Adam,Cooper,29
59,Cynthia,Richardson,23
60,Nicholas,Cox,32
61,Linda,Howard,26
62,Jacob,Ward,33
63,Sharon,Torres,21
64,Stephen,Peterson,34
65,Barbara,Gray,20
66,Justin,Ramirez,27
67,Elizabeth,James,25
68,Joshua,Watson,24
69,Christopher,Brooks,31
70,Laura,Kelly,28
71,Matthew,Sanders,35
72,Mary,Price,22
73,Brandon,Bennett,30
74,Victoria,Wood,29
75,Joseph,Barnes,23
76,Sarah,Ross,32
77,Ashley,Henderson,26
78,Richard,Jenkins,33
79,Cheryl,Perry,21
80,Thomas,Powell,34
81,Rebecca,Long,20
82,James,Patterson,27
83,Lisa,Hughes,25
84,Michael,Flores,24
85,Laura,Washington,31
86,Paul,Butler,28
87,Karen,Simmons,35
88,David,Foster,22
89,Amy,Gonzales,30
90,Anthony,Bryant,29
91,Deborah,Alexander,23
92,Christopher,Russell,32
93,Jessica,Griffin,26
94,Charles,Diaz,33
95,Michelle,Hayes,21
96,John,Myers,34
97,Karen,Dean,20
98,Daniel,Jordan,27
99,Patricia,Frazier,25
100,Robert,Bishop,24
